thresholds,TPR,FPR
0.0,1.0,1.0
0.1,1.0,0.1095890410958904
0.2,1.0,0.09246575342465753
0.3,1.0,0.07648401826484018
0.4,1.0,0.07420091324200913
0.5,1.0,0.06735159817351598
0.6,1.0,0.06506849315068493
0.7,1.0,0.0593607305936073
0.8,1.0,0.05251141552511415
0.9,1.0,0.045662100456621
1.0,0.0,0.0
