thresholds,TPR,FPR
0.0,1.0,1.0
0.1,1.0,0.7203196347031964
0.2,1.0,0.2454337899543379
0.3,1.0,0.16210045662100456
0.4,1.0,0.1141552511415525
0.5,1.0,0.08447488584474885
0.6,1.0,0.0684931506849315
0.7,0.9736842105263158,0.04337899543378995
0.8,0.9210526315789473,0.0182648401826484
0.9,0.05263157894736842,0.0
1.0,0.0,0.0
